Wavelength (nm),950.5573733,960.8117461,971.0354262,981.2284134,990.1220996,1000.257538,1010.362283,1020.436336,1030.479696,1040.492363,1050.474338,1059.183388,1069.107813,1079.001546,1088.864585,1098.696933,1108.498587,1118.269548,1126.793962,1136.507375,1146.190094,1155.842121,1165.463456,1175.054097,1183.42073,1192.953823,1202.456223,1211.927929,1221.368944,1230.779265,1240.158893,1248.340891,1257.66297,1266.954357,1276.215051,1285.445052,1294.644361,1303.812976,1311.810337,1320.921404,1330.001778,1339.051459,1348.070448,1357.058743,1364.898324,1373.829071,1382.729124,1391.598485,1400.437154,1409.245129,1418.022412,1425.677357,1434.39709,1443.086131,1451.744479,1460.372135,1468.969097,1477.535367,1485.005676,1493.514396,1501.992424,1510.43976,1518.856402,1527.242352,1535.597609,1542.883281,1551.180989,1559.448004,1567.684327,1575.889956,1584.064893,1591.192785,1599.310173,1607.396868,1615.45287,1623.47818,1631.472797,1639.436721,1646.379976,1654.286351,1662.162034,1670.007023,1677.82132,1685.604923,1693.357835,1700.116454
Reference Signal (unitless),165990,192452,214071,228314,234531,236568,235387,234262,233784,233998,233933,233484,232997,231643,229944,227320,224435,221532,219577,218594,218951,220864,224224,228939,234836,242753,251844,262191,272594,282631,291975,298681,304696,310634,317665,324470,329199,332048,333147,333336,332195,329493,323750,314950,307835,296653,283563,281086,284853,288857,291354,291897,291562,290651,289016,286092,282074,277104,272302,266294,259983,252991,245191,236920,228176,219807,209596,199401,189277,179049,168792,159675,149469,139249,128994,118741,108892,99359,91132,81625,70929,57097,40849,26322,16691,11520
Sample Signal (unitless),147066,171719,192594,205922,211770,212398,210057,208138,207045,207172,207718,207822,208133,208200,206826,204265,200378,195512,190091,184101,179160,176629,174866,171339,167097,165758,170003,180369,191252,200626,211140,223945,239342,252908,265416,276077,283220,288192,290175,289672,286059,280098,271046,258828,245342,224775,205260,197868,196543,197782,200647,201069,202074,205270,207947,208006,204613,197148,190583,185531,182052,180254,178105,174991,171779,167360,161066,154638,147405,140344,132986,126310,118785,110689,102284,93271,83878,73651,66002,58028,49629,38604,26665,16134,9500,6171
Sample Signal (unitless),147255,171737,192457,206059,211582,212203,210113,208193,207007,207252,207699,207673,208302,207863,206588,204436,200618,195468,190328,184336,179221,176820,175195,171371,167246,165507,169853,180444,191437,200603,211295,223883,239177,253219,265597,276037,283423,288187,290073,289915,286489,280168,271249,258793,245385,225067,205221,197903,196773,198288,200816,201351,202320,205352,208106,208016,204605,197309,190854,185588,182222,180526,178144,175140,171710,167284,161191,154475,147315,140429,133071,126322,118776,110826,102318,93169,83491,73580,66036,58248,49832,38685,26510,16095,9399,6019
Sample Signal (unitless),147230,171639,192469,206025,211536,212371,210159,208133,207059,207251,207644,207808,208098,207804,206841,204488,200607,195387,190321,184204,179201,176872,175179,171231,167189,165471,170033,180600,191474,200645,211272,223869,239263,253146,265581,276040,283447,288185,290090,289955,286496,280049,271307,258999,245421,225119,205371,197892,197031,198471,200835,201428,202403,205447,208185,208203,204766,197442,190873,185517,182289,180487,178118,175142,171744,167417,161196,154471,147554,140437,133044,126320,118836,110859,102328,93142,83528,73749,66122,58295,49661,38648,26535,16149,9377,5979
Sample Signal (unitless),147146,171483,192431,205649,211423,212263,210008,207935,206855,207019,207477,207610,207746,207677,206747,204669,200462,195305,190306,184056,179055,177004,175073,171162,166930,165361,169899,180585,191300,200410,211117,223708,239089,253251,265350,275875,283319,287960,289935,290162,286236,279838,271201,258811,245328,225045,205200,197869,197251,198294,200666,201454,202262,205345,208116,208051,204630,197541,190720,185357,182372,180369,178020,174955,171633,167349,160972,154355,147463,140393,133048,126282,118911,110859,102197,92759,83449,73779,66282,58207,49577,38577,26597,16104,9184,5972
Sample Signal (unitless),147002,171603,192331,205836,211394,212156,209995,207887,206836,207092,207469,207638,207967,207768,206632,204193,200456,195210,189977,184187,179025,176588,175027,171118,167126,165425,169894,180313,191322,200496,211093,223710,239078,252845,265412,275817,283144,287928,289860,289563,286238,279880,271110,258858,245360,224943,205357,197900,196749,198400,200699,201349,202294,205454,208247,208105,204703,197172,190607,185387,182063,180386,177993,175027,171669,167308,161210,154426,147447,140325,132969,126304,118728,110748,102251,93241,83496,73703,65983,58184,49601,38661,26581,16102,9511,5953
Sample Signal (unitless),147154,171501,192290,205847,211253,212060,209899,207919,206720,207022,207392,207454,208028,207529,206494,204390,200463,195243,190193,184177,178981,176748,175056,171058,167111,165202,169745,180247,191350,200404,211033,223628,238972,253020,265337,275623,283173,287909,289739,289730,286249,279830,271171,258824,245272,225121,205317,197881,197030,198508,200769,201393,202329,205363,208166,208115,204642,197244,190708,185357,182167,180339,178002,175098,171607,167310,161131,154339,147313,140378,132932,126222,118789,110714,102234,93045,83295,73575,66021,58283,49599,38607,26494,16132,9345,5918
Sample Signal (unitless),147153,171671,192159,205869,211378,212099,210085,208066,207083,207217,207519,207614,208076,207635,206502,204472,200707,195131,190288,184287,178939,176915,175283,171175,167155,165390,169706,180519,191395,200585,211246,223866,239030,253174,265636,275679,283352,288124,289830,290027,286441,279994,271312,259045,245388,225133,205538,197827,197200,198763,200941,201644,202553,205683,208440,208215,204940,197466,190828,185568,182315,180553,178019,175172,171746,167304,161238,154452,147441,140516,133027,126499,118908,110919,102372,93179,83358,73765,66139,58298,49807,38594,26486,16067,9409,5862
Sample Signal (unitless),147034,171570,192351,205784,211514,212190,209912,208002,206896,206950,207529,207556,207882,207856,206629,204193,200350,195256,189993,184077,179073,176678,174822,171263,167090,165514,169789,180286,191256,200448,211052,223757,239117,252923,265360,275766,283091,287985,289943,289669,286006,279991,271063,258850,245460,224963,205363,198000,196957,198218,201010,201497,202426,205590,208268,208369,204833,197237,190518,185389,182060,180276,178131,175002,171714,167443,161145,154702,147493,140407,133055,126378,118835,110786,102262,93078,83752,73700,66076,58073,49644,38681,26600,16081,9457,6176
Sample Signal (unitless),147187,171536,192412,206016,211386,212449,210024,208039,206992,207151,207463,207784,208100,207656,206907,204355,200404,195124,190287,184070,178995,176814,175126,171056,167251,165379,170055,180355,191393,200492,211266,223725,239318,253098,265370,275801,283345,287963,290063,289797,286383,279856,271338,259012,245630,225304,205478,198103,197186,198710,200866,201630,202674,205669,208438,208403,205050,197270,190766,185367,182226,180436,178061,175211,171727,167613,161320,154536,147755,140401,133194,126415,118807,110975,102287,93174,83504,73950,66030,58320,49541,38732,26564,16240,9388,6038
Sample Signal (unitless),147268,171648,192294,206135,211549,211868,209931,207954,206925,207207,207543,207543,208459,207836,206228,204222,200628,195465,190162,184290,179091,176651,175201,171385,167524,165585,169581,180258,191347,200661,211262,223872,238985,253046,265561,275832,283260,288166,289907,289487,286499,280281,271163,259048,245352,225267,205569,198004,196810,198853,201414,201548,202676,205882,208586,208415,204945,197056,190733,185609,182153,180536,178210,175207,171914,167397,161591,154553,147387,140452,133093,126450,118845,110890,102409,93503,83438,73497,65905,58345,49887,38734,26547,16118,9601,5965
Sample Signal (unitless),147114,171519,192242,205846,211358,212198,209888,207947,206907,207094,207482,207659,207985,207611,206660,204256,200397,195112,190131,184102,178968,176698,175041,171011,167088,165324,169893,180299,191283,200445,211137,223673,239097,253006,265385,275688,283202,287974,289919,289705,286266,279837,271223,258984,245391,225162,205396,197904,197125,198653,200920,201653,202604,205638,208499,208385,204962,197238,190604,185265,182180,180376,177962,175164,171809,167543,161250,154550,147626,140424,133053,126398,118829,110793,102288,93109,83485,73850,66032,58226,49624,38694,26594,16172,9360,5997
Sample Signal (unitless),147065,171540,192328,205772,211054,212250,210110,207920,206761,207032,207252,207560,207818,207220,206773,204472,200703,195188,190149,184197,179070,176989,175352,171053,166959,165095,169927,180546,191457,200318,211049,223438,239048,253095,265449,275737,283195,287839,289750,290032,286626,279817,271192,258741,245439,225035,205441,198040,197382,199135,200935,201856,202809,205581,208579,208317,204905,197486,190812,185226,182340,180601,178019,175100,171590,167523,161271,154333,147563,140599,133155,126274,118992,110955,102224,93018,83118,73778,66258,58463,49551,38580,26385,16161,9304,5810
Sample Signal (unitless),147217,171717,192491,206086,211539,212499,210081,208171,207060,207267,207591,207854,208244,207862,206975,204454,200600,195345,190252,184191,179111,176775,175177,171190,167331,165478,170083,180382,191465,200623,211335,223937,239354,253113,265547,276017,283419,288243,290201,289793,286492,280007,271421,259106,245639,225357,205605,198255,197235,198834,201166,201806,202824,205900,208689,208627,205192,197341,190736,185384,182228,180523,178187,175330,171897,167698,161504,154723,147809,140565,133229,126473,118919,110952,102361,93341,83619,73941,66063,58291,49683,38774,26613,16253,9477,6106
Sample Signal (unitless),147032,171482,192501,205854,211609,212392,209973,208036,207017,207039,207613,207787,207903,208027,206919,204234,200121,195333,190054,183836,179075,176738,174739,171171,167046,165569,170002,180334,191209,200533,211115,223818,239256,252944,265145,275977,283197,287966,290113,289731,286064,280062,271241,258956,245585,225075,205355,198287,197204,198325,201139,201700,202713,205907,208598,208720,205132,197234,190537,185390,182057,180237,178174,175173,171848,167673,161275,154906,147791,140467,133194,126498,118797,110887,102343,93100,83935,73976,66097,58131,49629,38719,26676,16188,9427,6366
Sample Signal (unitless),146996,171739,192537,206161,211541,212443,210082,208080,207079,207237,207633,207801,208321,207885,206912,203973,200543,195333,189889,184267,179154,176422,175134,171132,167300,165514,169980,180272,191384,200571,211274,223839,239318,252725,265606,275974,283276,288194,290184,289495,286444,280116,271281,259174,245694,225061,205716,198306,196828,198898,201267,201771,202807,205945,208818,208684,205200,197082,190649,185409,181916,180503,178206,175273,171939,167725,161762,154762,147741,140633,133204,126457,118826,110981,102347,93584,83646,73814,65878,58265,49662,38855,26610,16212,9779,6108
Sample Signal (unitless),147074,171617,192362,205876,211439,212135,210079,208057,206906,207087,207536,207599,207955,207728,206541,204480,200517,195328,190234,184150,179028,176880,175016,171202,167074,165332,169682,180414,191258,200514,211122,223756,239046,253056,265429,275857,283297,288108,289982,289998,286332,280031,271329,259031,245399,225251,205482,198053,197461,198864,201267,201858,202761,205846,208645,208580,204977,197314,190516,185373,182257,180348,178106,175209,171855,167496,161318,154694,147518,140540,133090,126352,118911,110879,102303,92988,83541,73562,66096,58182,49702,38600,26591,16114,9339,6015
Sample Signal (unitless),146797,171797,192393,205815,211584,212343,210124,207890,206979,207267,207480,207712,207896,207850,206797,204055,200582,195178,189786,184294,179000,176523,175057,171054,166878,165494,169849,180355,191233,200435,211158,223683,239098,252723,265615,275815,283245,288038,289988,289697,286317,279937,271148,258917,245463,224747,205636,198048,197083,198811,201091,201852,202686,205883,208660,208494,205096,197220,190478,185257,181925,180541,178004,175105,171820,167586,161538,154578,147700,140630,133069,126470,118862,110918,102248,93336,83435,73852,66062,58215,49668,38865,26514,16171,9619,5943
Sample Signal (unitless),147187,171839,192553,206211,211653,212442,210299,208215,207229,207422,207639,207802,208347,207887,206872,204400,200757,195400,190087,184315,179099,176600,175245,171258,167319,165397,169940,180369,191463,200636,211312,223927,239171,253075,265725,276067,283513,288384,290109,289891,286724,280246,271389,259142,245422,225139,205610,198139,197076,199058,201245,201917,202897,206085,208935,208665,205231,197197,190623,185500,182142,180585,178254,175308,171979,167623,161769,154739,147738,140638,133227,126622,118900,111045,102493,93452,83494,73833,65968,58342,49811,38786,26597,16117,9673,5988
Sample Signal (unitless),147111,171636,192465,205728,211442,212378,210162,208059,206975,207154,207534,207711,207770,207648,206907,204635,200607,195218,190237,184200,178943,176990,175087,170960,166758,165238,169816,180420,191222,200354,210983,223664,239134,253177,265493,275809,283364,288055,290050,290222,286443,279815,271339,258842,245391,225165,205422,198030,197710,198860,200980,201989,202710,205750,208667,208519,205025,197463,190424,185107,182258,180436,177979,175115,171763,167577,161207,154563,147712,140574,133108,126352,118991,110824,102241,92864,83360,73867,66292,58257,49524,38597,26550,16263,9268,5964
Sample Signal (unitless),147299,171890,192634,206221,211809,212459,210312,208280,207259,207398,207823,207885,208313,208138,206929,204467,200727,195489,190273,184309,179145,176688,175122,171207,167198,165510,169869,180325,191343,200621,211255,223939,239235,253137,265702,276139,283496,288452,290301,289982,286605,280309,271401,259141,245575,225184,205673,198185,197282,198902,201401,201944,202965,206097,208921,208754,205260,197229,190523,185409,182148,180558,178216,175309,172066,167716,161616,154833,147788,140656,133208,126577,118935,110918,102430,93321,83637,73796,66082,58193,49752,38758,26651,16160,9540,6080
Sample Signal (unitless),147292,171848,192676,206103,211714,212655,210337,208311,207223,207372,207755,207953,208115,207911,207079,204781,200762,195369,190385,184304,179120,176986,175123,171076,167062,165319,169931,180467,191345,200440,211205,223738,239302,253297,265698,276119,283569,288274,290347,290324,286667,280053,271409,259056,245508,225354,205530,198210,197618,199010,201052,201989,202864,205934,208814,208712,205215,197391,190485,185137,182248,180513,178162,175236,171894,167764,161407,154752,147839,140617,133263,126521,119033,110902,102329,92995,83450,73891,66217,58280,49581,38615,26572,16260,9314,6026
Sample Signal (unitless),147276,171773,192715,206160,211795,212684,210330,208285,207170,207346,207774,208003,208261,208040,207149,204607,200740,195496,190288,184126,179145,176747,175054,171033,167015,165344,169852,180290,191278,200461,211126,223749,239348,253068,265637,276157,283470,288346,290332,290111,286514,280149,271295,259069,245606,225164,205367,198156,197327,198790,201078,201872,202888,205949,208806,208730,205162,197162,190410,185169,182132,180425,178113,175216,172032,167777,161485,154836,147889,140633,133299,126516,119022,110957,102386,93165,83692,73887,66112,58159,49617,38605,26588,16156,9434,6049
Sample Signal (unitless),147458,171975,192885,206413,211906,212935,210439,208497,207392,207520,208009,208179,208461,208166,207336,204919,200873,195565,190556,184359,179186,176899,175162,171104,167218,165421,170026,180451,191390,200560,211324,223932,239526,253433,265840,276307,283793,288617,290613,290396,286836,280248,271563,259165,245750,225365,205568,198255,197530,198978,201180,202026,202935,206074,208882,208840,205346,197265,190446,185208,182276,180507,178217,175406,172022,167844,161569,154891,148021,140711,133279,126581,119051,110988,102353,93187,83635,73979,66107,58269,49598,38668,26663,16293,9347,6040
Sample Signal (unitless),147389,171986,192975,206311,211872,212953,210645,208580,207428,207600,207953,208197,208405,207989,207444,204983,201041,195603,190474,184377,179221,176986,175301,171129,167053,165202,169985,180585,191516,200479,211233,223881,239485,253397,265915,276358,283784,288593,290632,290602,287016,280272,271516,259174,245713,225274,205575,198283,197685,199284,201218,202165,203083,206048,209030,208893,205227,197438,190598,185212,182293,180636,178245,175356,171916,167851,161543,154770,147983,140900,133425,126603,119226,111092,102387,93187,83458,73979,66224,58390,49586,38619,26557,16317,9463,6005
Sample Signal (unitless),147473,171958,193000,206610,211826,213153,210611,208611,207456,207671,207968,208364,208631,207910,207657,204949,201113,195581,190550,184400,179240,176937,175340,171020,167230,165084,170064,180393,191544,200413,211339,223729,239598,253489,265898,276310,284025,288646,290790,290588,287142,280143,271648,259158,245685,225399,205531,198277,197521,199262,201025,202009,203060,205910,208964,208848,205305,197206,190600,185031,182293,180580,178093,175502,171946,167961,161696,154624,148051,140732,133360,126510,119052,111128,102278,93177,83372,74006,66040,58452,49467,38750,26516,16312,9460,5945
Sample Signal (unitless),147450,172095,193107,206729,211967,213059,210799,208788,207564,207928,208130,208344,208749,208100,207465,204894,201264,195831,190483,184511,179323,176817,175287,171226,167187,165234,169920,180428,191578,200547,211405,223827,239565,253385,266063,276623,284069,288725,290872,290651,287261,280437,271619,259220,245708,225189,205551,198338,197301,199260,201344,202063,203213,206137,209077,208955,205262,197269,190589,185214,182171,180668,178295,175434,171960,167945,161875,154884,147921,140901,133473,126627,119083,111238,102414,93495,83532,73764,66095,58468,49650,38798,26516,16279,9661,6017
Sample Signal (unitless),147655,172251,193166,206823,212354,213196,210856,208802,207777,207891,208332,208501,208799,208567,207658,205198,201264,195831,190749,184545,179244,176955,175231,171202,167204,165448,169976,180409,191436,200635,211323,224045,239613,253595,266089,276599,284099,289028,290984,290801,287112,280536,271738,259386,245780,225377,205683,198299,197567,199099,201366,202097,203051,206217,209026,208897,205293,197281,190394,185245,182294,180590,178298,175503,172213,167893,161781,154981,148024,140812,133397,126713,119106,111055,102428,93300,83621,73931,66106,58215,49686,38739,26703,16242,9379,6051
Sample Signal (unitless),147650,172271,193261,206750,212479,213403,210794,208777,207758,207803,208349,208643,208715,208753,207897,205186,201152,195904,190599,184460,179242,176823,175044,171073,167043,165461,170042,180307,191192,200472,211183,224009,239596,253508,266031,276686,284015,288991,291042,290716,286999,280372,271551,259221,245763,225198,205578,198356,197348,198778,201230,201934,202887,206076,208850,208894,205376,197132,190213,185021,182123,180443,178341,175318,172199,168009,161606,155015,148154,140789,133399,126688,119098,110984,102353,93139,83675,74013,66090,58143,49533,38681,26636,16258,9460,6073
Sample Signal (unitless),147831,172310,193392,206845,212561,213375,210938,208933,207834,208001,208466,208596,208910,208763,207752,205399,201332,196159,190845,184508,179382,177121,175093,171231,167173,165405,169884,180325,191295,200540,211306,224068,239658,253683,266148,276871,284324,289127,291162,291052,287172,280591,271706,259336,245800,225412,205594,198383,197698,198896,201439,202108,203028,206110,208942,208943,205251,197241,190296,185165,182294,180474,178389,175465,172131,168008,161649,155117,147912,140757,133455,126639,119150,111041,102454,93086,83730,73698,66143,58221,49624,38715,26702,16197,9305,6106
Sample Signal (unitless),147712,172350,193543,206757,212750,213628,211165,209079,208119,208079,208612,208981,208742,208947,208117,205486,201295,196070,190753,184399,179380,177075,175002,171103,166955,165435,170105,180423,191267,200625,211219,224107,239843,253688,266151,277045,284329,289221,291359,291161,287140,280532,271562,259216,245726,225180,205438,198327,197619,198681,201083,201974,202913,206173,209012,209101,205597,197241,190277,185165,182275,180423,178313,175334,172206,168068,161705,155218,148387,140869,133486,126814,119194,111032,102429,93173,83884,74228,66145,58178,49522,38695,26740,16344,9396,6236
Sample Signal (unitless),147930,172630,193699,207327,212810,213742,211313,209333,208137,208360,208783,208999,209418,208958,208126,205515,201736,196356,191001,184792,179554,176973,175368,171292,167290,165454,169987,180439,191511,200663,211499,224137,239854,253884,266495,277184,284648,289518,291576,291167,287682,280867,271936,259532,245980,225447,205760,198470,197439,199189,201479,202138,203108,206231,209196,209113,205426,197167,190509,185232,182278,180682,178395,175619,172320,168104,161958,155099,148129,140980,133540,126751,119172,111184,102458,93393,83684,73823,66056,58290,49659,38713,26613,16239,9512,6006
Sample Signal (unitless),148134,172626,193806,207432,212846,213946,211423,209446,208298,208488,208808,209113,209454,208948,208428,205898,201841,196304,191206,184723,179450,177189,175354,171132,167289,165306,170095,180395,191531,200662,211528,224126,239960,254094,266589,277231,284849,289603,291681,291487,287781,280814,271950,259446,245961,225599,205685,198427,197682,199164,201288,202163,203164,206221,209089,209120,205560,197350,190483,185147,182421,180651,178368,175643,172249,168183,161847,155096,148316,140972,133613,126832,119211,111261,102439,93220,83625,74067,66175,58356,49493,38718,26634,16332,9320,6049
Sample Signal (unitless),148128,172888,194070,207595,213155,214157,211697,209632,208424,208674,209060,209169,209582,209252,208495,205971,202077,196649,191158,184948,179685,177157,175416,171439,167278,165477,170096,180505,191517,200722,211661,224324,239995,254115,266815,277550,285113,289900,291845,291627,287900,281058,271998,259499,245875,225484,205743,198516,197532,199162,201559,202209,203175,206266,209195,209135,205463,197326,190471,185285,182386,180769,178502,175730,172418,168191,161984,155234,148195,141040,133616,126843,119269,111247,102563,93336,83688,73833,66147,58305,49695,38773,26677,16273,9471,6055
Sample Signal (unitless),148265,172966,194138,207884,213223,214315,211615,209670,208609,208748,209064,209423,209885,209353,208735,205904,202096,196475,191179,184916,179562,176974,175385,171122,167384,165451,170141,180334,191497,200687,211603,224298,240095,254060,266841,277460,285058,289960,292039,291477,287931,280875,271902,259396,245860,225365,205582,198255,197231,199031,201178,202003,203085,206166,209146,209126,205552,197062,190370,185087,182209,180688,178393,175681,172374,168255,162095,155235,148471,140979,133590,126837,119204,111269,102542,93485,83667,74148,66045,58306,49515,38810,26623,16329,9547,6042
Sample Signal (unitless),148186,173010,194085,207777,213305,214162,211763,209725,208651,208771,209176,209329,209747,209413,208516,206133,202152,196691,191246,184928,179566,177083,175299,171240,167182,165303,169836,180399,191442,200677,211503,224249,239960,254115,266885,277520,285107,290024,291973,291705,287948,280961,271966,259426,245704,225284,205648,198266,197459,198995,201303,202009,203078,206174,209113,209033,205465,197195,190312,185132,182194,180617,178410,175676,172312,168155,161984,155203,148271,141024,133591,126861,119278,111247,102569,93309,83628,73877,66132,58311,49626,38733,26656,16219,9484,6066
Sample Signal (unitless),148174,173124,194164,208053,213348,214248,211913,209892,208595,208990,209181,209449,209954,209413,208591,205950,202347,196788,191102,185040,179541,176815,175348,171336,167166,165251,169814,180281,191506,200568,211618,224136,239960,253979,267005,277519,285326,290036,292085,291618,288152,281058,271926,259320,245774,225165,205586,198169,197039,199089,201394,201947,203009,206059,209099,209023,205235,197020,190268,185070,181958,180652,178396,175711,172268,168131,162128,155097,148087,140993,133583,126750,119165,111198,102477,93494,83539,73729,65913,58306,49659,38853,26569,16232,9566,5966
Sample Signal (unitless),148359,173220,194321,208068,213472,214627,211988,209842,208805,209018,209358,209667,209942,209568,208949,206342,202475,196715,191377,185049,179479,177091,175386,171131,167179,165255,170009,180375,191476,200652,211579,224285,240137,254227,267123,277642,285419,290279,292263,291982,288251,280967,272027,259476,245823,225393,205609,198253,197400,199141,201149,202026,203112,206134,209145,209032,205471,197115,190304,184974,182205,180699,178276,175645,172334,168292,162063,155101,148378,141101,133551,126835,119271,111223,102464,93372,83509,74022,66101,58223,49484,38729,26599,16307,9498,5951
Sample Signal (unitless),148486,173272,194436,208273,213731,214507,212096,210019,208826,209061,209527,209673,210119,209759,208815,206384,202490,196945,191482,185084,179704,177141,175393,171311,167316,165372,169863,180386,191444,200614,211569,224361,240170,254346,267173,277851,285443,290372,292369,292035,288308,281283,272049,259561,245863,225354,205658,198327,197354,199114,201370,202067,203069,206236,209105,209099,205314,197111,190234,185105,182226,180753,178523,175707,172450,168262,162026,155259,148231,141142,133615,126867,119290,111202,102508,93395,83627,73781,66072,58259,49667,38736,26600,16235,9479,6024
Sample Signal (unitless),148500,173304,194478,208257,213722,214561,212075,210029,208864,209105,209467,209760,210182,209804,208888,206539,202494,196915,191488,185072,179630,177195,175316,171227,167240,165404,169852,180388,191428,200579,211568,224429,240127,254377,267142,277845,285507,290415,292442,292101,288272,281178,272105,259606,245922,225468,205658,198335,197490,199093,201395,202062,203100,206196,209144,209157,205426,197082,190186,185078,182235,180610,178439,175664,172370,168247,162029,155305,148296,141065,133585,126831,119342,111216,102463,93257,83646,73880,66069,58142,49549,38699,26595,16272,9408,6002
Sample Signal (unitless),148562,173429,194408,208185,213762,214835,212166,209986,208954,209094,209522,209798,210104,209780,209133,206658,202665,196697,191561,185182,179472,177223,175412,171010,167160,165362,169946,180412,191388,200602,211533,224376,240335,254431,267279,277693,285530,290473,292617,292310,288371,280981,272125,259626,245993,225511,205723,198194,197689,199206,201094,202164,203027,206178,209156,209056,205455,197214,190169,185000,182291,180700,178247,175678,172471,168364,162019,155203,148362,141123,133598,126870,119331,111255,102428,93201,83532,74003,66130,58179,49458,38666,26677,16442,9416,5877
Sample Signal (unitless),148536,173308,194722,208273,213852,214824,212289,210146,208929,209218,209631,209896,210171,209931,209200,206599,202486,197091,191562,184943,179833,177157,175229,171287,167195,165409,170110,180423,191472,200641,211528,224404,240311,254427,267095,278056,285531,290472,292668,292310,288290,281290,272202,259714,246070,225469,205651,198562,197619,199038,201495,202172,203139,206238,209173,209301,205493,197144,190221,185102,182232,180641,178587,175697,172457,168408,162087,155404,148423,141096,133745,126898,119348,111319,102488,93311,83803,73867,66079,58222,49572,38737,26644,16305,9385,6143
Sample Signal (unitless),148650,173434,194641,208417,213934,214658,212238,210068,209004,209178,209535,209794,210336,209954,208997,206664,202697,197140,191676,185227,179748,177285,175490,171292,167304,165492,169951,180383,191520,200699,211580,224398,240226,254545,267341,278087,285567,290554,292556,292312,288466,281308,272200,259661,245955,225550,205823,198406,197600,199258,201570,202213,203258,206318,209243,209162,205438,197172,190301,185156,182306,180779,178543,175795,172503,168309,162137,155297,148320,141165,133694,126923,119347,111316,102564,93302,83558,73783,66060,58267,49621,38743,26595,16243,9417,5943
Sample Signal (unitless),148648,173365,194600,208284,213923,214703,212115,210212,208976,209159,209652,209818,210247,209927,209005,206678,202486,197082,191662,184989,179686,177260,175243,171282,167200,165418,169925,180355,191477,200758,211609,224398,240150,254596,267162,277938,285580,290501,292505,292332,288231,281379,272159,259592,245960,225561,205585,198376,197702,199026,201557,202144,203194,206355,209132,209275,205509,197140,190181,185108,182340,180556,178480,175739,172488,168306,162024,155453,148373,141103,133685,126912,119338,111234,102569,93191,83872,73873,66074,58188,49644,38789,26720,16266,9328,6196
Sample Signal (unitless),148508,173450,194547,208305,213852,214691,212246,210143,209040,209187,209601,209833,210172,209981,209066,206613,202682,197068,191528,185110,179684,177237,175388,171285,167183,165385,169959,180376,191459,200740,211613,224416,240240,254436,267292,277987,285604,290548,292535,292270,288363,281288,272226,259675,246081,225436,205848,198421,197685,199279,201518,202242,203225,206415,209284,209315,205515,197156,190221,185140,182259,180692,178482,175737,172448,168359,162067,155346,148377,141122,133698,126963,119386,111371,102554,93289,83694,73903,66125,58262,49637,38789,26712,16256,9467,6037
Sample Signal (unitless),148582,173377,194522,208229,213891,214587,212179,210134,208957,209127,209634,209748,210157,209975,208938,206730,202538,197083,191661,185097,179632,177312,175294,171371,167135,165474,169849,180394,191499,200728,211466,224380,240157,254507,267220,277961,285534,290479,292477,292411,288364,281369,272142,259632,246020,225585,205785,198505,197806,199196,201651,202242,203173,206385,209233,209287,205462,197191,190092,185161,182332,180639,178505,175665,172519,168316,162020,155338,148271,141104,133738,126860,119409,111266,102590,93176,83688,73754,66195,58190,49716,38614,26668,16261,9346,6021
Sample Signal (unitless),148356,173459,194651,208243,213848,214912,212302,210102,208897,209302,209485,209907,210057,209859,209288,206436,202727,197006,191398,185217,179764,177187,175393,171199,167045,165399,170061,180456,191398,200545,211579,224431,240318,254307,267306,277984,285667,290557,292653,292354,288427,281146,272260,259747,246182,225311,205882,198539,197728,199386,201426,202286,203204,206239,209428,209213,205480,197237,190132,184900,182134,180710,178432,175711,172527,168538,162218,155263,148461,141172,133592,126836,119416,111256,102445,93365,83448,73981,66132,58222,49411,38799,26665,16370,9527,5894
Sample Signal (unitless),148624,173355,194664,208529,213788,214729,212293,210252,208962,209291,209709,209814,210438,209810,209067,206594,202630,197135,191541,185065,179828,177130,175486,171333,167362,165297,169948,180370,191617,200649,211716,224427,240333,254506,267275,278105,285656,290604,292679,292168,288535,281357,272234,259688,246147,225592,205726,198601,197511,199395,201632,202248,203413,206410,209499,209416,205505,197121,190340,185117,182231,180754,178599,175887,172486,168448,162339,155447,148314,141227,133840,126856,119367,111439,102580,93529,83610,73820,65958,58354,49640,38811,26708,16358,9579,6091
Sample Signal (unitless),148490,173439,194639,208309,213851,214609,212250,210225,208960,209099,209584,209689,210215,209919,208957,206538,202580,197134,191442,185026,179725,177161,175319,171377,167251,165378,169839,180360,191411,200648,211568,224324,240167,254377,267262,277982,285497,290465,292510,292169,288293,281367,272162,259621,246072,225556,205857,198522,197633,199303,201737,202222,203236,206524,209358,209412,205459,197073,190080,185171,182220,180689,178586,175645,172488,168278,162143,155474,148249,141122,133718,126980,119315,111241,102598,93364,83762,73714,66041,58185,49662,38740,26680,16277,9519,6105
Sample Signal (unitless),148742,173639,194655,208728,213989,214570,212373,210267,209093,209448,209682,209798,210737,209979,208772,206594,202950,197345,191604,185433,179924,177048,175681,171564,167638,165474,169724,180406,191622,200920,211898,224605,240170,254590,267588,278212,285850,290794,292706,292185,288752,281767,272418,260057,246190,225780,206124,198624,197555,199731,202096,202387,203537,206615,209610,209511,205596,197106,190426,185320,182380,180992,178649,176002,172750,168431,162537,155420,148228,141297,133805,126947,119394,111419,102712,93746,83543,73564,65949,58396,49812,38949,26650,16252,9646,5856
Sample Signal (unitless),148486,173402,194587,208313,213851,214609,212326,210220,209032,209246,209629,209763,210237,209888,208926,206598,202569,197054,191432,185096,179686,177108,175343,171331,167217,165366,169805,180408,191486,200752,211587,224397,240056,254352,267249,277956,285648,290572,292498,292253,288374,281386,272177,259627,246002,225499,205832,198508,197696,199366,201710,202306,203325,206583,209476,209470,205709,197097,190180,185237,182211,180730,178577,175766,172547,168320,162229,155393,148365,141193,133738,126991,119349,111336,102649,93482,83593,73852,66018,58287,49719,38831,26769,16227,9594,6056
Sample Signal (unitless),148433,173340,194468,208201,213742,214655,212268,210141,209003,209244,209510,209739,210176,209753,208887,206490,202622,196896,191460,185175,179519,177093,175391,171175,167220,165288,169799,180376,191483,200644,211541,224271,240157,254352,267245,277799,285545,290553,292516,292242,288466,281183,272176,259680,246057,225485,205837,198326,197702,199481,201549,202370,203347,206459,209470,209356,205630,197143,190178,185059,182185,180711,178386,175731,172469,168390,162221,155319,148392,141190,133705,126934,119405,111301,102534,93432,83519,73897,66114,58313,49667,38756,26692,16396,9569,6011
Sample Signal (unitless),148752,173431,194584,208620,213824,214573,212235,210262,209038,209294,209606,209752,210575,209836,208856,206547,202756,197135,191648,185198,179690,177060,175528,171419,167567,165352,169765,180241,191609,200840,211656,224419,240106,254539,267343,277994,285644,290610,292583,292151,288599,281531,272229,259767,246024,225698,205882,198516,197585,199648,201889,202346,203441,206557,209510,209501,205594,196980,190350,185231,182267,180830,178658,175898,172589,168406,162433,155357,148351,141204,133813,127021,119366,111366,102662,93705,83594,73735,65981,58327,49741,38873,26771,16277,9585,6066
Sample Signal (unitless),148581,173553,194626,208402,213977,214607,212371,210252,209064,209342,209719,209826,210279,209906,208873,206713,202862,197192,191581,185350,179767,177280,175595,171429,167249,165464,169787,180564,191587,200817,211727,224500,240196,254552,267522,278087,285788,290752,292631,292564,288721,281547,272367,259826,246168,225658,206005,198622,197952,199694,201941,202565,203494,206697,209632,209498,205727,197338,190279,185231,182450,180936,178665,175898,172705,168486,162336,155481,148392,141380,133837,127035,119519,111346,102695,93390,83590,73736,66195,58337,49773,38799,26730,16215,9580,5902
Sample Signal (unitless),148544,173475,194623,208374,213911,214783,212265,210151,208948,209235,209596,209931,210170,209884,209091,206606,202701,197018,191510,185230,179682,177212,175445,171251,167213,165399,169920,180392,191442,200626,211579,224411,240219,254411,267351,277946,285616,290614,292663,292314,288480,281263,272257,259712,246179,225552,205904,198557,197804,199511,201673,202397,203405,206486,209536,209377,205639,197175,190156,184944,182210,180764,178564,175796,172508,168500,162271,155339,148416,141263,133746,126971,119408,111296,102523,93420,83585,73972,66112,58287,49616,38840,26748,16377,9549,6030
Sample Signal (unitless),148626,173448,194549,208125,214080,214671,212187,210140,209100,209001,209633,209798,209910,210090,209023,206912,202560,196928,191776,185111,179532,177456,175377,171222,167015,165588,169804,180454,191317,200806,211496,224419,240168,254652,267321,277897,285610,290569,292507,292673,288265,281382,272216,259749,246107,225642,205927,198476,198283,199310,201714,202471,203343,206660,209383,209407,205784,197300,190038,185168,182437,180630,178506,175724,172689,168394,161930,155492,148460,141208,133740,127106,119515,111200,102673,92981,83769,74002,66322,58128,49721,38642,26816,16332,9300,6120
Sample Signal (unitless),148618,173342,194608,208250,213862,214750,212237,210198,208963,209068,209579,209842,209966,209854,209148,207038,202530,196943,191833,185012,179604,177533,175342,171215,167230,165339,169917,180511,191433,200697,211554,224349,240268,254767,267222,277953,285739,290592,292672,292754,288445,281265,272366,259690,246108,225810,205767,198534,198326,199345,201590,202492,203383,206543,209292,209425,205668,197351,190182,185011,182530,180634,178469,175797,172577,168459,161864,155415,148505,141147,133735,126966,119418,111352,102582,92966,83610,73976,66233,58276,49624,38655,26724,16297,9085,6074
Sample Signal (unitless),148538,173230,194515,208145,213795,214747,212187,210158,208999,209048,209618,209799,209998,209823,209098,206685,202475,196951,191606,184921,179579,177223,175211,171179,167046,165313,169916,180380,191432,200637,211513,224330,240131,254466,267068,277881,285572,290477,292544,292444,288264,281179,272106,259541,245982,225524,205634,198496,197924,199235,201585,202347,203300,206507,209424,209496,205638,197110,189971,184984,182249,180551,178412,175722,172486,168448,162071,155458,148504,141219,133751,126945,119419,111258,102525,93118,83765,73952,66205,58188,49619,38824,26781,16330,9309,6201
Sample Signal (unitless),148520,173450,194585,208372,213883,214773,212264,210151,209012,209270,209586,209823,210253,209834,209009,206581,202644,197054,191556,185177,179678,177142,175417,171298,167227,165334,169854,180329,191454,200665,211641,224406,240187,254455,267260,277990,285637,290599,292614,292306,288442,281360,272245,259784,246143,225606,205912,198570,197843,199527,201725,202426,203455,206588,209548,209491,205691,197082,190080,185016,182192,180725,178542,175804,172604,168455,162284,155401,148425,141201,133797,127022,119368,111358,102614,93421,83613,73877,66108,58244,49617,38796,26772,16306,9510,6038
Sample Signal (unitless),148601,173465,194632,208435,213890,214669,212379,210238,209057,209325,209672,209798,210282,209832,208931,206882,202859,197129,191711,185275,179773,177443,175630,171393,167330,165304,169724,180525,191608,200824,211735,224493,240197,254714,267489,278021,285889,290746,292638,292639,288749,281505,272421,259888,246123,225855,205953,198596,198166,199832,201933,202588,203559,206665,209718,209509,205652,197361,190305,185110,182465,180951,178554,175935,172626,168444,162328,155393,148383,141367,133798,127024,119526,111423,102673,93359,83453,73723,66215,58406,49753,38831,26759,16310,9416,5840
Sample Signal (unitless),148669,173354,194583,208329,213901,214719,212212,210193,209052,209120,209629,209836,210123,209886,209033,207072,202640,196968,191837,185093,179601,177518,175400,171297,167219,165294,169889,180476,191501,200742,211626,224396,240239,254857,267226,277951,285789,290626,292630,292732,288472,281394,272432,259740,246091,225903,205836,198547,198353,199558,201735,202529,203428,206598,209459,209509,205709,197262,190000,185036,182572,180744,178472,175891,172597,168455,162074,155466,148505,141214,133807,127031,119486,111326,102654,93030,83657,73944,66237,58296,49625,38732,26752,16386,9241,6098
Sample Signal (unitless),148541,173453,194547,208354,213976,214659,212279,210172,209041,209235,209625,209788,210192,210090,208985,206692,202653,197132,191564,185143,179676,177274,175327,171362,167106,165439,169815,180366,191392,200769,211664,224500,240186,254516,267328,277988,285705,290716,292641,292405,288454,281471,272257,259762,246023,225616,206008,198601,197992,199566,201910,202500,203463,206689,209581,209602,205719,197152,190040,185104,182290,180711,178586,175874,172682,168477,162247,155473,148370,141237,133733,127082,119425,111321,102701,93321,83698,73742,66092,58215,49757,38817,26807,16324,9528,6036
Sample Signal (unitless),148586,173491,194517,208424,213806,214618,212332,210136,208976,209259,209573,209771,210277,209862,208919,206643,202768,197054,191572,185204,179652,177177,175523,171291,167240,165339,169778,180377,191430,200696,211579,224381,240135,254474,267392,277952,285691,290669,292636,292371,288610,281347,272172,259754,246077,225589,205928,198478,197833,199713,201743,202467,203519,206592,209657,209515,205631,197077,190111,185038,182250,180863,178530,175877,172625,168450,162346,155376,148390,141263,133721,126988,119453,111349,102665,93467,83525,73794,66081,58379,49710,38858,26773,16358,9541,5894
Sample Signal (unitless),148686,173335,194692,208450,213928,214753,212210,210185,209044,209271,209610,209806,210313,209887,209067,206762,202581,197117,191758,185039,179772,177265,175310,171337,167350,165360,169948,180373,191486,200721,211707,224425,240229,254677,267254,278084,285787,290676,292624,292463,288439,281404,272349,259752,246057,225812,205847,198688,198026,199480,201823,202432,203550,206718,209467,209587,205621,197049,190010,185023,182308,180665,178591,176009,172671,168515,162289,155493,148426,141183,133862,127010,119374,111341,102643,93264,83690,73854,66133,58285,49736,38927,26880,16393,9336,6165
Sample Signal (unitless),148763,173308,194527,208508,213787,214776,212445,210291,209113,209486,209665,209804,210408,209628,209117,207000,202840,196963,191890,185218,179550,177404,175587,171237,167447,165157,169837,180551,191741,200771,211790,224467,240265,254881,267400,277897,285986,290776,292580,292691,288834,281378,272499,259923,246082,225952,205928,198542,198227,199912,201726,202637,203669,206678,209778,209584,205737,197187,190238,185014,182565,180827,178484,176023,172718,168518,162406,155315,148505,141369,133907,127098,119487,111399,102701,93345,83343,73964,66089,58415,49780,38946,26814,16372,9456,5889
Sample Signal (unitless),148497,173471,194615,208419,214026,214811,212280,210143,209122,209255,209724,209909,210316,210129,209109,206545,202555,197016,191484,185052,179689,177059,175299,171275,167201,165479,169893,180375,191425,200733,211637,224490,240328,254457,267305,277999,285639,290667,292711,292218,288379,281380,272204,259765,246225,225572,205922,198590,197769,199409,201798,202479,203471,206678,209661,209690,205834,196968,189949,185082,182169,180666,178599,175834,172689,168602,162346,155701,148575,141277,133831,127107,119426,111315,102671,93447,83861,73995,66093,58216,49670,38897,26897,16427,9655,6128
Sample Signal (unitless),148729,173368,194669,208703,213452,214979,212306,210276,209028,209407,209457,209911,210620,209427,209378,206608,202929,196903,191671,185160,179586,177142,175785,171179,167532,164949,170084,180332,191819,200663,211819,224224,240332,254618,267383,277982,285910,290522,292679,292276,289037,281171,272398,259664,246191,225836,205899,198677,197795,200116,201558,202517,203713,206665,209753,209622,205801,196939,190337,184918,182324,180955,178446,176012,172470,168603,162585,155216,148690,141268,133942,127028,119351,111563,102583,93585,83307,74142,65972,58605,49542,38944,26661,16451,9634,5866
Sample Signal (unitless),148488,173417,194598,208379,213875,214827,212282,210179,209101,209146,209653,209833,210212,209971,209206,206603,202583,196889,191538,185039,179585,177217,175263,171155,167191,165340,169919,180340,191454,200754,211531,224371,240263,254481,267246,277971,285581,290582,292668,292399,288469,281290,272255,259722,246100,225621,205834,198569,197983,199529,201656,202541,203514,206711,209622,209616,205847,196977,189937,184934,182270,180671,178502,175836,172647,168614,162324,155535,148585,141243,133806,127038,119415,111320,102609,93326,83672,73996,66129,58270,49641,38830,26840,16415,9499,6123
Sample Signal (unitless),148648,173482,194444,208764,213814,214619,212311,210254,209192,209470,209609,209840,210708,209724,208859,206469,202905,196895,191516,185212,179509,176901,175620,171197,167614,165217,169717,180224,191637,200860,211817,224390,240194,254439,267495,277826,285788,290790,292640,292063,288867,281378,272299,259873,246150,225744,206021,198461,197524,199967,201859,202490,203636,206810,209817,209642,205790,196808,190177,185034,182191,180943,178443,176026,172644,168512,162703,155442,148527,141271,133824,127105,119321,111452,102620,93846,83451,73938,65880,58420,49716,39017,26842,16450,9796,5908
Sample Signal (unitless),148458,173480,194593,208311,214396,214978,212296,210255,209263,209174,209932,210158,210145,210468,209303,206643,202398,196932,191564,185024,179643,177219,175021,171195,167143,165771,170014,180343,191282,200885,211618,224785,240501,254437,267317,278066,285729,290902,292974,292516,288143,281422,272286,260011,246359,225627,205999,198682,198069,199091,201806,202541,203430,206883,209614,209845,206044,197094,189687,185136,182221,180593,178518,175904,172930,168714,162253,156044,148859,141298,133768,127202,119444,111189,102657,93269,84139,74168,66152,57923,49596,38827,27081,16598,9527,6393
Sample Signal (unitless),148451,173514,194645,208251,213957,214745,212399,210196,209008,209161,209600,209856,209958,209965,209117,206742,202708,197101,191535,185103,179689,177319,175417,171318,167068,165504,169894,180475,191429,200742,211625,224469,240214,254433,267371,278040,285729,290680,292623,292585,288445,281409,272337,259792,246168,225582,206001,198739,198183,199566,201886,202750,203516,206740,209703,209680,205757,197205,189885,184968,182230,180738,178577,175805,172696,168556,162234,155558,148503,141356,133742,127019,119539,111323,102594,93296,83668,73870,66237,58275,49675,38862,26862,16402,9466,6095
Sample Signal (unitless),148596,173633,194661,208653,213986,214885,212481,210250,209172,209473,209736,209892,210556,209999,209160,206662,203015,197105,191546,185422,179711,177078,175686,171309,167422,165466,169953,180441,191637,200830,211863,224663,240324,254591,267707,278133,286037,290896,292797,292460,288866,281544,272499,260111,246308,225735,206252,198733,197956,199988,201960,202630,203727,206863,209940,209693,205832,197046,190126,185107,182278,181020,178645,176085,172867,168720,162660,155467,148589,141396,133856,127103,119451,111386,102700,93666,83414,73897,66070,58336,49709,38992,26768,16410,9715,5856
Sample Signal (unitless),148577,173699,194578,208765,213976,214511,212544,210277,209192,209558,209670,209799,210707,209917,208829,206369,203091,197284,191458,185513,179735,176945,175782,171494,167546,165460,169676,180427,191700,200915,211912,224556,240163,254436,267763,278120,285974,290863,292710,292210,288955,281694,272432,259986,246176,225704,206311,198651,197612,200183,202253,202616,203809,206967,210026,209700,205763,196905,190188,185174,182156,181157,178700,176092,172795,168496,162828,155392,148344,141384,133847,127138,119438,111481,102793,93976,83403,73666,65941,58382,49879,39089,26786,16299,9885,5809
Sample Signal (unitless),148723,173431,194521,208603,213909,214619,212398,210317,209211,209439,209802,209913,210451,209829,208809,206865,202881,197069,191746,185239,179536,177350,175572,171337,167411,165294,169669,180506,191706,200971,211856,224548,240167,254747,267470,278001,286001,290828,292698,292646,288788,281590,272505,259965,246089,225894,206008,198535,198178,199891,202024,202764,203759,206904,209843,209741,205847,197129,190161,185144,182446,180873,178622,176078,172763,168476,162521,155552,148517,141388,133923,127119,119477,111460,102708,93434,83593,73926,66131,58336,49836,38956,26894,16467,9499,6045
Sample Signal (unitless),148591,173435,194643,208419,214025,214707,212329,210240,209089,209258,209732,209924,210288,209991,208981,206755,202644,197102,191652,185132,179717,177356,175342,171380,167239,165401,169803,180354,191461,200781,211721,224483,240192,254586,267329,278074,285829,290693,292782,292536,288488,281454,272359,259859,246204,225737,205931,198723,198166,199609,201977,202624,203676,206785,209724,209691,205745,197041,189943,184997,182325,180754,178635,175909,172748,168587,162414,155575,148493,141354,133844,127025,119379,111390,102663,93303,83717,73879,66158,58323,49704,38887,26947,16452,9473,6136
Sample Signal (unitless),148611,173371,194656,208549,213856,214831,212221,210293,209008,209263,209544,209899,210437,209763,209102,206678,202711,197030,191672,185086,179630,177106,175454,171174,167394,165212,169898,180291,191559,200611,211776,224288,240256,254512,267250,278015,285830,290541,292735,292358,288640,281339,272418,259750,246153,225790,205936,198698,197947,199710,201803,202506,203700,206718,209664,209654,205779,196909,190011,184899,182214,180726,178539,175978,172648,168578,162451,155417,148637,141219,133865,126993,119324,111402,102620,93371,83589,73912,65999,58344,49685,38940,26774,16458,9493,6121
Sample Signal (unitless),148689,173506,194731,208455,213835,214788,212502,210216,209000,209335,209598,209852,210258,209773,209131,206893,202984,197116,191771,185393,179754,177381,175649,171307,167326,165321,169953,180537,191583,200694,211768,224492,240256,254712,267501,278048,285928,290757,292728,292758,288837,281422,272508,259949,246252,225924,206174,198753,198340,200077,201959,202770,203750,206728,209843,209639,205709,197171,190053,184946,182459,180924,178639,175970,172691,168629,162440,155336,148483,141411,133874,126994,119561,111419,102626,93360,83379,73806,66274,58454,49681,38910,26835,16377,9450,5940
Sample Signal (unitless),148512,173302,194660,208331,213879,214746,212281,210138,209036,209303,209601,209879,210157,209847,209116,206706,202555,196980,191515,184974,179667,177146,175305,171200,167105,165271,169903,180390,191415,200662,211609,224343,240253,254485,267181,278029,285780,290583,292609,292435,288515,281299,272317,259678,246103,225612,205829,198646,198014,199579,201807,202580,203555,206745,209641,209675,205728,196973,189882,184865,182191,180641,178524,175858,172631,168539,162356,155533,148533,141239,133896,127051,119402,111369,102608,93335,83664,73929,66112,58257,49660,38917,26870,16419,9469,6083
Sample Signal (unitless),148517,173597,194666,208435,214273,214948,212396,210274,209269,209289,209876,210038,210299,210239,209256,206593,202673,197019,191493,185140,179678,177125,175299,171267,167163,165643,169969,180431,191368,200832,211605,224618,240419,254467,267437,278087,285747,290878,292868,292388,288474,281437,272266,259935,246398,225682,206132,198704,197983,199498,201920,202664,203567,206931,209873,209803,205924,197023,189785,185036,182162,180777,178607,175910,172969,168730,162482,155760,148762,141396,133877,127182,119515,111339,102649,93461,83843,74085,66137,58169,49632,38934,26990,16552,9647,6163
Sample Signal (unitless),148557,173364,194612,208397,213852,214897,212300,210173,209154,209277,209614,209877,210141,209833,209225,206811,202630,196875,191588,185029,179473,177336,175324,171091,167186,165222,169954,180435,191487,200736,211637,224415,240279,254635,267202,277917,285787,290620,292638,292538,288518,281243,272372,259753,246097,225689,205852,198587,198183,199674,201658,202646,203676,206851,209719,209664,205877,197047,189855,184844,182316,180668,178469,175911,172653,168645,162333,155526,148726,141291,133859,127133,119423,111417,102638,93165,83670,74195,66148,58319,49605,38925,26863,16480,9496,6117
Sample Signal (unitless),148792,173490,194766,208220,214019,214878,212416,210181,209049,209128,209725,209837,210019,209993,209129,207156,202655,197129,192021,185179,179758,177758,175369,171284,167089,165370,169908,180631,191490,200745,211596,224544,240349,254942,267336,278167,285850,290745,292748,293036,288492,281453,272369,259869,246237,226002,206011,198739,198709,199726,201984,202873,203680,206808,209661,209694,205740,197307,189853,184921,182667,180781,178596,175860,172770,168690,162119,155623,148565,141364,133890,127041,119666,111357,102698,93024,83716,73920,66411,58341,49711,38709,26920,16469,9222,6141
Sample Signal (unitless),148571,173538,194570,208448,214204,214687,212343,210242,209154,209273,209716,209897,210242,210150,208979,206707,202663,197097,191613,185189,179669,177239,175372,171388,167210,165537,169842,180437,191401,200849,211641,224592,240219,254605,267383,278057,285748,290751,292700,292496,288424,281493,272302,259896,246164,225690,206096,198657,198127,199556,202028,202634,203636,206923,209727,209719,205810,196978,189769,185028,182270,180765,178669,175863,172786,168486,162378,155658,148610,141341,133840,127113,119480,111349,102688,93343,83749,73936,66105,58200,49761,38929,26951,16411,9568,6138
Sample Signal (unitless),148639,173500,194761,208684,214048,214904,212381,210371,209189,209487,209795,209958,210525,210027,209322,206651,202653,197044,191624,185105,179657,177138,175348,171325,167427,165457,169986,180305,191558,200874,211899,224579,240335,254529,267372,278157,285919,290806,292805,292325,288624,281512,272516,259933,246233,225784,206028,198847,197961,199677,201991,202622,203767,206982,209821,209866,205959,196877,189978,185060,182215,180754,178627,176145,172840,168694,162601,155733,148731,141332,133933,127230,119427,111474,102763,93555,83795,74089,65999,58318,49740,39112,26947,16510,9632,6252
Sample Signal (unitless),148597,173494,194710,208489,213939,214846,212483,210265,209133,209362,209635,209887,210272,209936,209142,206707,202811,197130,191589,185239,179705,177240,175561,171280,167244,165346,169946,180497,191657,200760,211710,224465,240253,254574,267514,278180,285895,290680,292711,292587,288762,281491,272349,259783,246248,225738,206052,198788,198160,199977,202015,202762,203819,206884,209879,209770,205795,197070,190026,184937,182325,180926,178635,175954,172732,168660,162535,155520,148574,141495,133917,127052,119543,111515,102659,93468,83538,73930,66188,58380,49737,38907,26870,16499,9576,5974
Sample Signal (unitless),148551,173544,194808,208453,214035,215123,212398,210244,209135,209300,209610,210059,210274,210042,209512,206652,202762,196966,191495,185153,179690,177128,175445,171120,167235,165427,170201,180337,191499,200673,211713,224458,240475,254528,267391,278140,285843,290614,292818,292434,288579,281274,272361,259872,246380,225667,206071,198910,198087,199781,201829,202659,203754,206849,209823,209754,205920,196875,189877,184865,182199,180792,178580,175899,172756,168849,162496,155562,148823,141373,133881,127008,119485,111472,102661,93529,83645,74226,66169,58357,49623,38917,26851,16616,9662,6119
Sample Signal (unitless),148623,173448,194882,208650,213977,214930,212381,210312,208968,209418,209617,209866,210525,209978,209276,206701,202764,197327,191648,185225,179915,177128,175488,171434,167409,165353,170138,180347,191588,200686,211833,224424,240418,254556,267436,278275,285871,290698,292810,292384,288695,281571,272432,259849,246347,225764,206059,199023,197999,199887,202128,202629,203872,206867,209888,209781,205658,196886,189924,184858,182215,180765,178828,176086,172753,168747,162548,155592,148533,141340,133954,127002,119451,111507,102622,93507,83643,73831,66061,58396,49727,39020,26883,16479,9650,6086
Sample Signal (unitless),148637,173484,194810,208479,214340,215082,212330,210355,209261,209250,209861,210189,210319,210337,209466,206682,202546,197111,191614,185023,179731,177214,175171,171265,167256,165683,170137,180386,191459,200784,211663,224719,240534,254537,267265,278200,285792,290804,293113,292489,288360,281476,272328,259967,246460,225717,206044,198896,198150,199473,201935,202712,203788,207051,209797,210033,206019,196998,189792,185043,182294,180646,178679,175980,172955,168870,162429,155990,148873,141342,133942,127183,119528,111370,102711,93489,84085,74174,66148,58102,49645,38920,27035,16616,9640,6346
Sample Signal (unitless),148512,173560,194897,208484,214151,214961,212373,210247,208974,209256,209733,209918,210244,210247,209272,206677,202567,197205,191550,185127,179919,177125,175256,171392,167193,165577,170070,180415,191415,200692,211660,224501,240442,254442,267373,278296,285720,290734,292882,292408,288417,281474,272316,259782,246344,225609,206025,198975,198054,199553,202083,202661,203718,206845,209836,209837,205751,196889,189724,184901,182201,180712,178760,175948,172794,168718,162383,155729,148603,141408,133878,127007,119462,111427,102580,93352,83743,73821,66137,58236,49710,38953,26945,16506,9635,6188
Sample Signal (unitless),148723,173591,194641,208303,214042,215056,212346,210147,209164,209213,209713,210012,210025,210000,209399,207072,202804,196847,191834,185206,179487,177601,175445,171006,167138,165439,170073,180540,191444,200649,211619,224622,240470,254886,267416,277911,285822,290831,292845,292917,288596,281151,272413,259908,246301,225929,206092,198678,198634,199848,201657,202865,203652,206817,209694,209630,205956,197204,189792,184700,182551,180816,178455,175970,172865,168808,162234,155597,148912,141384,133778,127125,119577,111287,102532,93102,83529,74280,66348,58264,49568,38813,26977,16639,9298,5982
Sample Signal (unitless),148663,173479,194679,208413,214105,214957,212356,210220,209111,209238,209711,209971,210330,210006,209223,206963,202710,197027,191750,185122,179679,177457,175356,171237,167241,165457,169924,180426,191408,200775,211638,224491,240341,254827,267396,278109,285792,290776,292720,292653,288521,281406,272303,259768,246255,225887,205983,198733,198402,199684,201922,202760,203732,206905,209742,209795,205831,197002,189805,184913,182500,180827,178623,175941,172765,168720,162306,155720,148644,141443,133869,127081,119488,111421,102680,93203,83725,74008,66237,58277,49713,38922,27026,16526,9369,6140
Sample Signal (unitless),148757,173717,194655,208676,213868,214949,212389,210093,209146,209449,209572,210007,210601,209706,209272,206849,203261,196909,191777,185543,179641,177295,175851,171093,167544,165248,169956,180365,191608,200655,211860,224476,240365,254807,267745,277929,285940,290800,292804,292527,289020,281268,272526,259897,246238,225978,206292,198732,198178,200359,201779,202796,203870,206867,209951,209651,205915,196954,190107,184796,182453,181128,178410,176137,172766,168744,162661,155262,148811,141397,133877,127078,119488,111551,102558,93539,83134,74109,66077,58495,49627,39014,26740,16558,9596,5719
Sample Signal (unitless),148522,173711,194929,208604,214362,215037,212495,210394,209253,209487,209897,210069,210493,210393,209248,206598,202790,197344,191495,185242,179967,177095,175404,171557,167313,165767,170063,180504,191561,200975,211808,224824,240509,254590,267613,278447,285929,291081,293075,292451,288666,281809,272387,260086,246481,225729,206312,199062,198050,199779,202337,202765,203829,207114,210081,210028,205988,197035,189838,185097,182266,180862,178847,175990,172997,168818,162751,155859,148704,141497,133915,127080,119516,111443,102685,93747,83902,73883,66176,58255,49753,39035,27086,16469,9827,6203
Sample Signal (unitless),148678,173534,194849,208789,214043,215082,212469,210382,209252,209485,209746,210147,210704,210002,209429,206716,202801,197127,191665,185219,179788,177199,175542,171329,167577,165394,170124,180362,191722,200847,211895,224538,240562,254645,267486,278292,285946,290836,292995,292436,288860,281539,272574,260009,246487,225976,206112,198922,197991,200003,202083,202727,203942,206949,210037,209941,206025,196846,190053,184902,182291,180876,178725,176145,172819,168863,162764,155585,148823,141395,134039,127212,119437,111569,102649,93731,83677,74162,66028,58493,49683,39054,26955,16577,9662,6128
Sample Signal (unitless),148525,173575,194672,208607,214018,214865,212481,210317,209173,209492,209710,209957,210396,209964,209054,206638,202915,197141,191535,185291,179690,177149,175592,171355,167330,165387,169788,180442,191561,200853,211746,224554,240255,254541,267510,278071,285853,290832,292750,292448,288801,281515,272344,259918,246232,225670,206160,198701,198040,200034,202095,202787,203851,206976,210008,209800,205804,196927,189874,184918,182282,180905,178625,175992,172767,168624,162618,155604,148647,141531,133924,127134,119513,111483,102750,93605,83552,73910,66109,58376,49799,39036,26942,16491,9735,5955
Sample Signal (unitless),148558,173693,194732,208806,214129,215065,212535,210453,209253,209544,209797,210144,210701,210130,209283,206413,202947,197128,191406,185383,179756,176926,175616,171329,167582,165522,169967,180321,191726,200978,211922,224648,240539,254437,267699,278208,285926,290925,293071,292197,288935,281599,272435,259981,246481,225714,206333,198942,197729,200063,202159,202751,203996,207059,210176,210022,206034,196861,190003,184984,182050,181040,178640,176131,172879,168822,162903,155766,148822,141537,134063,127163,119494,111566,102670,93992,83723,74060,65948,58397,49731,39174,26986,16625,9965,6100
Sample Signal (unitless),148509,173558,194678,208527,214118,215219,212373,210250,209285,209228,209723,210225,210207,210070,209567,206784,202765,196773,191550,185128,179477,177263,175329,170948,167207,165544,170194,180389,191432,200708,211648,224546,240547,254529,267418,277909,285863,290750,292892,292500,288513,281182,272366,259907,246288,225622,206069,198740,198210,199751,201555,202799,203743,206854,209730,209774,206105,196948,189662,184695,182270,180742,178454,175984,172827,168898,162343,155677,149081,141427,133817,127190,119454,111344,102561,93311,83715,74489,66160,58238,49533,38992,27005,16754,9600,6081
Sample Signal (unitless),148699,173760,194722,208720,214044,214883,212641,210322,209156,209612,209711,209918,210628,209922,209046,206877,203267,197274,191764,185525,179822,177393,175854,171398,167499,165456,169887,180581,191705,200872,211956,224618,240361,254790,267857,278273,286110,291002,292838,292707,289144,281647,272663,260161,246395,225989,206437,198919,198364,200461,202244,202943,203992,207006,210189,209818,205834,197125,190090,184979,182444,181215,178749,176175,172886,168729,162735,155496,148523,141537,133937,127087,119557,111518,102710,93565,83311,73767,66212,58483,49827,39041,26859,16509,9647,5775
Sample Signal (unitless),148704,173630,194847,208874,214317,215038,212404,210395,209272,209530,209864,210069,210724,210248,209309,206709,202870,197288,191703,185329,179860,177180,175534,171530,167595,165608,170065,180375,191647,201003,212008,224772,240456,254760,267624,278294,286136,290996,292941,292499,288768,281719,272584,260143,246450,225992,206287,199064,198110,199953,202224,202799,203951,207178,210014,209985,205982,196894,189847,185119,182328,180923,178827,176277,173032,168807,162698,155825,148802,141457,133989,127234,119534,111475,102733,93578,83739,73981,66032,58298,49764,39082,27062,16533,9664,6148
Sample Signal (unitless),148575,173612,194614,208697,214039,214784,212454,210288,209287,209393,209658,210120,210434,209969,209131,206788,202923,196979,191632,185270,179552,177308,175599,171253,167330,165359,169844,180478,191649,200873,211838,224503,240369,254660,267571,278086,286066,290808,292937,292637,288848,281549,272536,259916,246330,225853,206217,198739,198327,200072,202076,202865,203944,207096,209942,209915,205979,197026,189923,184987,182422,180909,178627,176091,172847,168703,162580,155572,148883,141489,134004,127263,119566,111514,102796,93419,83606,74207,66118,58430,49765,39047,26973,16667,9621,6010
Sample Signal (unitless),148615,173463,194773,208529,213987,214933,212339,210318,209088,209214,209683,209933,210297,209989,209107,206864,202707,197117,191674,185093,179751,177290,175394,171382,167313,165388,169949,180459,191556,200798,211697,224460,240308,254636,267427,278258,285850,290769,292810,292582,288664,281545,272430,259883,246338,225803,206053,198902,198358,199868,202238,202803,203844,206942,209831,209872,205733,196926,189760,184921,182305,180759,178638,176039,172741,168714,162392,155722,148547,141376,133988,127094,119511,111417,102738,93329,83765,73836,66165,58352,49799,38953,27013,16480,9555,6163
Sample Signal (unitless),148652,173533,194833,208386,214252,214913,212327,210270,209138,209193,209861,210023,210201,210296,209223,206886,202549,197180,191717,185057,179775,177403,175183,171360,167115,165616,169954,180482,191404,200816,211685,224689,240426,254755,267392,278248,285731,290848,292860,292699,288426,281575,272308,259860,246387,225870,206132,198863,198447,199493,202108,202752,203735,207047,209817,210006,206000,197006,189629,184953,182411,180739,178765,175898,172974,168796,162319,155914,148669,141444,133968,127152,119636,111356,102728,93166,84024,74002,66309,58170,49799,38964,27166,16563,9513,6370
